T001.BMP,F
T002.BMP,F
T003.BMP,F
T004.BMP,F
T005.BMP,F
T006.BMP,F
T007.BMP,F
T008.BMP,F
T009.BMP,F
T010.BMP,F
T011.BMP,M
T012.BMP,M
T013.BMP,F
T014.BMP,F
T015.BMP,F
T016.BMP,M
T017.BMP,M
T018.BMP,M
T019.BMP,M
T020.BMP,F
T021.BMP,M
T022.BMP,F
T023.BMP,F
T024.BMP,F
T025.BMP,F
T026.BMP,M
T027.BMP,F
T028.BMP,F
T029.BMP,F
T030.BMP,F
T031.BMP,F
T032.BMP,F
T033.BMP,F
T034.BMP,F
T035.BMP,F
T036.BMP,F
T037.BMP,F
T038.BMP,M
T039.BMP,F
T040.BMP,F
T041.BMP,F
T042.BMP,F
T043.BMP,F
T044.BMP,F
T045.BMP,F
T046.BMP,M
T047.BMP,F
T048.BMP,F
T049.BMP,F
T050.BMP,F
T051.BMP,M
T052.BMP,F
T053.BMP,F
T054.BMP,F
T055.BMP,F
T056.BMP,M
T057.BMP,M
T058.BMP,F
T059.BMP,M
T060.BMP,M
T061.BMP,M
T062.BMP,F
T063.BMP,M
T064.BMP,F
T065.BMP,M
T066.BMP,M
T067.BMP,F
T068.BMP,M
T069.BMP,M
T070.BMP,F
T071.BMP,M
T072.BMP,F
T073.BMP,M
T074.BMP,M
T075.BMP,F
T076.BMP,M
T077.BMP,F
T078.BMP,F
T079.BMP,F
T080.BMP,F
T081.BMP,M
T082.BMP,F
T083.BMP,F
T084.BMP,M
T085.BMP,F
T086.BMP,M
T087.BMP,M
T088.BMP,M
T089.BMP,M
T090.BMP,F
T091.BMP,M
T092.BMP,F
T093.BMP,F
T094.BMP,F
T095.BMP,F
T096.BMP,M
T097.BMP,F
T098.BMP,F
T099.BMP,M
T100.BMP,F
